{"TLT": [149.32000732421875, 0.00909231711110166], "UNG": [15.880000114440918, 0.03661645392057369], "SPY": [464.6000061035156, 0.006852003265539113], "BABA": [131.61000061035156, 0.026858976611634642], "SNOW": [364.7799987792969, 0.02369111039885368], "BITO": [37.06999969482422, 0.038467047134455666], "COIN": [319.3900146484375, 0.03407503808484293], "VXX": [22.049999237060547, 0.04574458406667726], "AMD": [161.91000366210938, 0.02533701087164995]}