{"TLT": [149.13999938964844, 0.009186484023881298], "UNG": [12.34000015258789, 0.03707315545985133], "SPY": [466.45001220703125, 0.007536652280483095], "BABA": [120.25, 0.028675066998035327], "SNOW": [324.9800109863281, 0.03046515802383162], "BITO": [30.360000610351562, 0.03848867770103977], "COIN": [247.1699981689453, 0.03552655725390463], "VXX": [21.290000915527344, 0.04944408321164753], "AMD": [138.63999938964844, 0.027457357508758752]}